2023年参考,门票销售,1540,2233,809,984,917,993,1754,2208,1406,1315,1216,1040,2554,847,930,1178,1546,1762,1696,3055,666,21995,14805,16888,22340,21984,14936,11173,10070,7714,7193,3359,3547,4983,15011,24212,4541,1815,1328,1055,1726,3362,1835,1156,4300,1771,1887,2045,6352,4474,1397,1067,891,1152,1252,5253,4316,1090,1081,0,1661,1876,2093,9785,7230,2023,2405,4838,2270,2503,5444,4627,1775,1602,1135,414,1301,5787,4739,815,1425,1964,1543,3774,4858,3425,1129,2077,1770,2285,3099,6816,3679,106,874,5381,1834,4180,6396,4597,1862,1765,1868,77,3313,7455,4013,2319,2637,2253,2324,701,622,354,566,2410,4174,3824,4111,16330,36824,44363,32697,1316,1070,1747,2457,3301,3299,3629,2561,3658,2152,6218,2728,1367,1785,959,1205,2896,8542,2833,1345,1211,1130,1231,816,986,1730,2038,1425,1921,3481,3682,4050,3418,2407,3239,4031,1953,1972,4132,3782,2663,2741,2416,1791,2046,3346,3032,2569,2372,1780,7465,7689,3256,1769,1562,1595,1687,2693,2998,4100,3981,1815,2771,2231,3258,2675,5571,3024,1816,1408,1767,2849,3380,6625,5952,2950,2849,3127,2993,2661,7518,5384,2628,2704,2621,3381,2946,1655,5346,2473,3722,5191,5066,5385,3024,12606,7859,7220,7251,7369,7784,12526,16067,8175,8296,8005,8127,9070,18985,14591,9171,14550,7814,8093,8403,2807,2429,6601,5108,3110,2620,2693,6054,3844,1418,1517,1440,1453,2309,8201,5628,1020,940,1345,1423,1294,4184,3290,932,287,1010,2049,1257,2644,2448,767,945,1121,1517,7720,19090,30458,23479,34325,17954,18681,4848,1841,2109,1411,1516,1904,1319,1363,5118,4031,1319,2687,2512,1477,4291,9602,6231,2583,2629,2591,3757,5324,12602,7481,3161,5779,4572,4576,1904,5539,1952,2863,2113,1882,1859,1358,3728,2721,911,1065,608,2759,4560,3403,2668,1014,2870,5063,1234,2065,1599,2184,770,4305,1815,1085,3318,3118,2144,997,2914,1082,1890,2377,3202,185,0,291,135,0,0,545,790,260,382,490,421,318,1763,2025,777,757,1577,1763,1092,9319,39497
2024年参考,门票销售,6891,755,907,732,610,1639,1383,630,690,799,680,900,2126,1827,489,299,512,537,470,1610,1867,828,661,1138,1119,1112,2762,3147,2006,2037,1374,332,415,1122,542,2009,1563,2030,2460,846,31857,21811,34533,38044,38312,27991,29399,18382,7989,2602,1708,356,605,1853,12615,6739,1343,1501,1255,1198,1206,5574,5527,989,1393,1373,2818,5328,10014,6334,1785,1650,1489,1688,1613,7722,4403,766,1045,1111,1090,1109,948,2138,646,1314,1321,1273,2491,5715,2399,1478,2181,889,16292,24687,7726,1989,2050,4983,3654,4143,5854,6762,4378,4467,2993,3035,2450,999,5420,3840,3063,2049,2625,2171,2652,3622,2233,2692,3129,24554,38813,35720,18346,6082,1151,1050,1190,2310,1728,4251,2228,1007,1626,1594,2540,3396,6357,3628,3380,2269,2745,3086,1828,4336,3708,3009,1393,1419,3002,990,5682,2807,1354,2010,1320,1643,2097,9132,9725,3618,794,730,844,1067,2103,1187,1441,1706,2020,1210,1316,3550,1997,1278,1388,1388,4948,2083,5231,5100,2446,3583,3384,2974,830,7159,3179,199,3343,3411,3259,3567,7497,5976,1274,2510,590,3487,2505,6714,5790,2282,3150,1850,2266,2815,4652,4699,3485,3895,4021,4420,4469,8898,6657,4469,5027,5241,5444,6426,20274,10474,7374,8186,8291,7638,8509,11476,10347,7746,8612,8557,8230,7676,10684,7196,4909,5457,5528,4760,3941,5285,2004,1380,1696,1021,1138,1217,5079,2535,1731,2805,1265,1365,880,1207,10138,15550,7169,652,661,1573,5713,3445,1285,1164,1090,1249,1533,2820,1940,490,18387,32477,36572,31312,25795,17823,4974,1348,1380,1135,2298,1419,4430,1808,1871,2745,534,2566,8088,2478,1358,2111,2382,1859,2706,10402,5650,2085,2815,2906,4351,3981,12965,5808,1908,1624,2755,1858,1939,7126,4024,1190,1343,1349,3029,1897,2934,3133,568,795,916,1487,912,6376,1484,545,921,733,1047,1207,3635,2438,793,895,690,948,1210,2842,1795,681,597,667,544,658,2686,1844,933,768,556,513,690,1923,1344,539,749,948,621,604,4802,2213,2063,20278
2025年参考,门票销售,8034,754,776,1813,1560,754,968,747,868,874,1919,1712,928,1005,1141,2307,2736,2292,2994,2316,2037,1963,1302,613,486,1137,1564,465,20608,13507,12635,19900,24223,21345,14794,8218,6578,4866,5443,7452,6191,4651,13181,5669,4558,5702,3866,1142,1206,734,507,697,2060,1786,742,1003,903,974,615,2197,50,0,530,1366,1168,1450,6533,3403,1167,1145,1077,1199,896,3186,2967,708,784,758,743,1805,5340,2618,2106,1474,1371,5216,1120,3087,2597,2507,1458,1303,1371,14143,19570,4999,1088,990,1586,2985,1738,0,2065,888,2791,3036,2008,2496,4326,3046,1070,1284,2236,3842,3267,4947,2305,2961,3012,1595,21542,33507,37143,24444,5792,1114,2189,1319,1589,3177,3287,937,1280,1663,1579,1486,4259,3095,1007,1441,1645,553,1594,4591,2812,776,894,805,1327,1346,10575,16929,4675,1083,780,1116,1081,3023,2013,845,1020,778,1226,1362,2678,2286,997,1069,972,839,1402,3141,2249,1258,1299,1498,2464,3028,4784,3703,2051,1892,2480,2137,1850,3471,2667,1535,2601,2207,2209,2290,4792,3452,1852,1413,1829,2107,2185,4862,4648,2806,2505,2720,3003,2838,8590,6870,4344,3720,3703,3642,4423,8377,5837,4116,3794,4850,3326,4523,7825,12296,7547,8516,8663,7952,8684,14408,12673,7123,6384,6637,6121,6267,10491,11913,6929,7334,6730,5824,8221,7753,3314,999,1976,423,178,557,2300,1978,851,953,748,0,936,2273,2083,709,257,694,105,325,2411,1335,624,118,944,787,1003,704,525,1014,2257,3366,9999,21810,12351,14167,11435,10334,1990,415,544,645,401,640,1112,980,992,116,4383,1941,606,1083,1228,2511,1489,3665,2668,1098,1380,2815,2906,4351,9338,3591,1121,3122,3924,1198,240,3909,2118,860,1069,1089,1376,1306,4237,2163,2024,505,906,629,740,2753,1715,398,2525,1064,1057,538,2261,1489,921,841,791,939,941,2546,1535,525,1621,1144,2002,157,9933,18825,441,649,697,2002,989,2518,1659,777,961,956,904,1685,1891,1500,1693,654,12133,
,天气备注,正常天早行雪化,正常天早上雾,正常天,阴,正常天,正常天,正常天,正常天,正常天,正常天,正常天,正常天,正常天,正常天,正常天,正常天,阴天,雨夹雪（路面结冰）,大雪闭园,正常天闭园,正常天,正常天,正常天,正常天,正常天,正常天,正常天,阴天,阴天,雪,正常天,正常天,正常天,正常天,正常天,正常天,正常天,正常天,正常天,正常天,正常天,正常天,正常天,正常天,正常天,大风天,正常天,正常天,正常天,正常天,正常天,正常天,正常天,多云,正常天,正常天,正常天,正常天,正常天,雨雪天,正常天,正常天,正常天,正常天,正常天,正常天,正常天,正常天,正常天,正常天,正常天,正常天,小雨,正常天,正常天,正常天,正常天,正常天,正常天,正常天,正常天,正常天,正常天,正常天,正常天,正常天,正常天,正常天,正常天,正常天,正常天,正常天,正常天,正常天,正常天,正常天,正常天,雨,正常天,正常天,正常天,正常天,正常天,正常天,正常天,正常天,正常天,正常天,正常天,正常天,雨,正常天,正常天,正常天,正常天,正常天,正常天,正常天,正常天,正常天,晴转微雨,阴天,正常天,正常天,正常天,正常天,正常天,正常天,正常天,正常天,正常天,正常天,正常天,正常天,正常天,阴天,雨,正常天,正常天,正常天,正常天,正常天,多云,多云,雨天,多云,正常天,正常天,正常天,正常天,正常天,正常天,正常天,正常天,正常天,正常天,正常天转雨,正常天,正常天,正常天,正常天,正常天,正常天,正常天,正常天,正常天,正常天,正常天,正常天,雨,正常天转雨,雨,正常天,正常天,正常天,正常天,正常天,正常天,正常天,正常天,,,,,,,,,,,,,,,,,,,,,,,,,,,,,,,,,,,,,,,,,,,,,,,,,,,,,,,,,,,,,,,,,,,,,,,,,,,,,,,,,,,,,,,,,,,,,,,,,,,,,,,,,,,,,,,,,,,,,,,,,,,,,,,,,,,,,,,,,,,,,,,,,,,,,,,,,,,,,,,,,,,,,,,,,,,,,,,,,,,,,,,,,,
门票,日期,1月1日,1月2日,1月3日,1月4日,1月5日,1月6日,1月7日,1月8日,1月9日,1月10日,1月11日,1月12日,1月13日,1月14日,1月15日,1月16日,1月17日,1月18日,1月19日,1月20日,1月21日,1月22日,1月23日,1月24日,1月25日,1月26日,1月27日,1月28日,1月29日,1月30日,1月31日,2月1日,2月2日,2月3日,2月4日,2月5日,2月6日,2月7日,2月8日,2月9日,2月10日,2月11日,2月12日,2月13日,2月14日,2月15日,2月16日,2月17日,2月18日,2月19日,2月20日,2月21日,2月22日,2月23日,2月24日,2月25日,2月26日,2月27日,2月28日,3月1日,3月2日,3月3日,3月4日,3月5日,3月6日,3月7日,3月8日,3月9日,3月10日,3月11日,3月12日,3月13日,3月14日,3月15日,3月16日,3月17日,3月18日,3月19日,3月20日,3月21日,3月22日,3月23日,3月24日,3月25日,3月26日,3月27日,3月28日,3月29日,3月30日,3月31日,4月1日,4月2日,4月3日,4月4日,4月5日,4月6日,4月7日,4月8日,4月9日,4月10日,4月11日,4月12日,4月13日,4月14日,4月15日,4月16日,4月17日,4月18日,4月19日,4月20日,4月21日,4月22日,4月23日,4月24日,4月25日,4月26日,4月27日,4月28日,4月29日,4月30日,5月1日,5月2日,5月3日,5月4日,5月5日,5月6日,5月7日,5月8日,5月9日,5月10日,5月11日,5月12日,5月13日,5月14日,5月15日,5月16日,5月17日,5月18日,5月19日,5月20日,5月21日,5月22日,5月23日,5月24日,5月25日,5月26日,5月27日,5月28日,5月29日,5月30日,5月31日,6月1日,6月2日,6月3日,6月4日,6月5日,6月6日,6月7日,6月8日,6月9日,6月10日,6月11日,6月12日,6月13日,6月14日,6月15日,6月16日,6月17日,6月18日,6月19日,6月20日,6月21日,6月22日,6月23日,6月24日,6月25日,6月26日,6月27日,6月28日,6月29日,6月30日,7月1日,7月2日,7月3日,7月4日,7月5日,7月6日,7月7日,7月8日,7月9日,7月10日,7月11日,7月12日,7月13日,7月14日,7月15日,7月16日,7月17日,7月18日,7月19日,7月20日,7月21日,7月22日,7月23日,7月24日,7月25日,7月26日,7月27日,7月28日,7月29日,7月30日,7月31日,8月1日,8月2日,8月3日,8月4日,8月5日,8月6日,8月7日,8月8日,8月9日,8月10日,8月11日,8月12日,8月13日,8月14日,8月15日,8月16日,8月17日,8月18日,8月19日,8月20日,8月21日,8月22日,8月23日,8月24日,8月25日,8月26日,8月27日,8月28日,8月29日,8月30日,8月31日,,,,,,,,,,,,,,,,,,,,,,,,,,,,,,,,,,,,,,,,,,,,,,,,,,,,,,,,,,,,,,,,,,,,,,,,,,,,,,,,,,,,,,,,,,,,,,,,,,,,,,,,,,,,,,,,,,,,,,,,,,,
市场,研学,0,0,0,0,0,0,0,0,288,17,0,0,0,0,0,0,0,0,,,0,0,0,0,0,0,0,100,309,100,134,211,0,906,0,0,0,0,0,40,30,71,0,36,0,0,0,0,0,0,0,143,0,0,0,0,0,0,0,0,0,0,0,0,0,0,0,0,0,0,0,0,0,0,0,0,86,524,0,0,0,0,0,0,0,0,0,0,0,979,19,61,0,146,0,56,38,0,880,0,53,68,880,911,492,324,508,176,337,0,0,663,1533,1076,384,0,812,725,3151,937,0,0,41,59,0,59,0,134,724,16,0,0,1618,1927,654,95,81,0,0,116,503,1250,0,0,0,314,140,517,213,0,0,80,13,0,0,213,0,0,0,0,120,37,0,30,0,0,0,106,0,0,0,0,0,0,0,0,0,50,12,,,,,,,,,,,,,,,,,,,,,,,,,,,,,,,,,,,,,,,,,,,,,,,,,,,,,,,,,,,,,,,,,,,,,,,,,,,,,,,,,,,,,,,,,,,,,,,,,,,,,,,,,,,,,,,,,,,,,,,,,,,,,,,,,,,,,,,,,,,,,,,,,,,,,,,,,,,,,,,,,,,,,,,,,,,,,,,,,,,,,,,,,,,
,大客户期票,20,15,0,0,10,0,21,10,0,0,3,0,20,0,0,0,0,20,,,10,8,30,0,0,0,20,0,112,28,0,0,4,4,100,1008,1083,4,45,155,205,87,5,122,0,0,0,8,0,0,4,3,0,0,14,100,0,40,0,0,0,0,500,10,1347,0,0,196,15,10,510,45,0,0,0,0,0,0,0,0,0,0,0,0,500,0,0,400,436,900,0,6,21,0,25,0,0,0,0,10,27,1,0,12,12,10,10,1,0,0,0,26,0,4,0,0,0,13,13,126,1,0,15,8,3,0,6,0,0,0,0,0,0,0,1005,20,0,0,5,40,0,141,6,7,0,0,108,20,0,3,5,0,0,0,0,0,0,0,0,0,0,0,20,0,0,0,0,16,0,0,0,0,0,15,56,10,0,400,0,,,,,,,,,,,,,,,,,,,,,,,,,,,,,,,,,,,,,,,,,,,,,,,,,,,,,,,,,,,,,,,,,,,,,,,,,,,,,,,,,,,,,,,,,,,,,,,,,,,,,,,,,,,,,,,,,,,,,,,,,,,,,,,,,,,,,,,,,,,,,,,,,,,,,,,,,,,,,,,,,,,,,,,,,,,,,,,,,,,,,,,,,,,
,导游司机,2,1,0,0,3,2,3,2,0,0,6,0,1,2,0,5,1,1,,,2,0,1,2,0,0,1,3,1,1,2,1,0,0,1,0,7,3,1,1,4,0,0,1,0,0,1,1,3,4,6,9,6,4,0,2,1,0,0,1,0,2,1,2,10,15,32,15,1,2,3,4,4,2,0,3,4,3,1,10,3,7,5,2,0,3,8,4,6,2,1,3,2,8,3,2,4,3,7,3,13,6,4,7,3,8,8,7,14,6,6,8,14,10,8,5,1,5,5,9,8,11,6,6,3,1,2,7,2,2,0,3,1,3,3,4,3,2,0,1,2,4,3,3,3,2,18,0,2,6,1,2,3,14,3,0,2,0,2,0,4,1,0,0,0,0,0,1,0,1,2,0,4,0,2,6,0,2,7,,,,,,,,,,,,,,,,,,,,,,,,,,,,,,,,,,,,,,,,,,,,,,,,,,,,,,,,,,,,,,,,,,,,,,,,,,,,,,,,,,,,,,,,,,,,,,,,,,,,,,,,,,,,,,,,,,,,,,,,,,,,,,,,,,,,,,,,,,,,,,,,,,,,,,,,,,,,,,,,,,,,,,,,,,,,,,,,,,,,,,,,,,,
,旅行社团队,405,697,194,44,28,94,93,171,93,160,276,0,30,56,10,387,196,45,,,39,0,31,55,42,0,35,234,48,15,184,165,81,115,140,161,180,426,282,219,260,140,176,166,188,89,10,527,531,1121,1860,2131,1123,456,616,437,399,514,90,71,174,429,220,120,700,754,1758,550,99,222,207,118,282,232,80,51,202,253,84,506,307,144,153,92,80,92,340,233,92,96,108,141,241,1223,1297,585,198,119,294,173,737,375,214,306,329,244,381,887,664,202,155,273,477,263,550,344,158,307,291,316,1116,1786,2550,1500,391,121,162,334,366,327,218,323,304,250,182,452,91,82,17,67,28,56,64,94,86,40,350,66,38,193,46,16,188,317,203,91,325,319,258,82,283,114,117,295,148,77,32,90,96,298,442,84,126,62,98,213,97,279,264,,,,,,,,,,,,,,,,,,,,,,,,,,,,,,,,,,,,,,,,,,,,,,,,,,,,,,,,,,,,,,,,,,,,,,,,,,,,,,,,,,,,,,,,,,,,,,,,,,,,,,,,,,,,,,,,,,,,,,,,,,,,,,,,,,,,,,,,,,,,,,,,,,,,,,,,,,,,,,,,,,,,,,,,,,,,,,,,,,,,,,,,,,,
线上,线上散客,10360,11167,2764,340,360,388,400,443,423,4712,4410,473,571,504,724,525,2248,737,,,316,319,416,1259,791,511,555,721,552,403,1508,2049,1350,1292,1561,1552,1102,2599,3176,1677,2044,2569,2613,2971,7980,2895,811,35655,27035,38287,40848,36815,25158,8360,8263,5267,4758,5631,1315,427,3212,12309,2069,1253,1267,3360,4880,1332,1302,1240,1133,994,977,2448,954,303,765,943,1123,3822,2600,953,1022,950,973,1024,3257,2220,610,940,1269,1387,1714,11602,14755,3705,677,84,659,785,2416,1779,737,699,706,799,829,2359,1439,587,175,601,797,829,2389,1797,876,825,1034,1471,14714,23917,29473,17186,3673,921,602,483,497,673,449,413,407,276,315,571,253,317,426,529,539,456,1405,519,68,494,531,566,486,1912,1365,840,416,348,377,470,1435,1459,793,391,379,446,443,2707,1118,743,799,685,751,3564,5951,591,866,796,773,855,1181,2195,1552,,,,,,,,,,,,,,,,,,,,,,,,,,,,,,,,,,,,,,,,,,,,,,,,,,,,,,,,,,,,,,,,,,,,,,,,,,,,,,,,,,,,,,,,,,,,,,,,,,,,,,,,,,,,,,,,,,,,,,,,,,,,,,,,,,,,,,,,,,,,,,,,,,,,,,,,,,,,,,,,,,,,,,,,,,,,,,,,,,,,,,,,,,,
窗口,线下散客,256,253,157,44,54,66,77,88,65,160,200,54,45,76,97,49,159,42,,,27,31,42,80,55,58,57,63,47,58,114,129,92,127,185,108,93,179,183,103,111,167,141,101,50,39,6,2229,983,1648,2252,1747,763,424,751,563,403,487,141,79,217,359,239,94,105,177,255,114,83,113,103,119,96,145,70,38,65,74,59,164,161,125,114,125,130,96,238,205,73,84,89,127,82,613,738,356,104,32,178,167,517,310,184,168,208,126,190,454,285,112,57,145,233,156,277,200,148,118,224,206,534,1281,1326,548,274,100,272,233,292,282,229,219,195,211,265,492,103,208,158,254,244,216,428,216,40,237,250,242,298,225,148,130,72,124,97,299,221,215,106,79,99,68,75,165,109,66,36,108,52,230,231,104,100,106,130,112,127,155,139,,,,,,,,,,,,,,,,,,,,,,,,,,,,,,,,,,,,,,,,,,,,,,,,,,,,,,,,,,,,,,,,,,,,,,,,,,,,,,,,,,,,,,,,,,,,,,,,,,,,,,,,,,,,,,,,,,,,,,,,,,,,,,,,,,,,,,,,,,,,,,,,,,,,,,,,,,,,,,,,,,,,,,,,,,,,,,,,,,,,,,,,,,,
,体验票,2,17,2,0,2,5,1,2,0,5,16,2,3,0,4,1,6,8,,,2,6,2,6,7,0,2,12,0,0,5,7,1,3,5,15,5,8,8,6,9,25,9,9,38,8,0,0,0,0,0,0,0,0,25,11,21,26,5,2,1,25,19,3,9,12,3,4,4,2,2,0,0,6,0,2,3,0,0,3,15,7,4,0,4,0,11,5,0,4,3,0,0,5,14,12,0,0,0,2,10,5,0,6,2,2,8,8,5,0,0,0,9,2,15,4,2,5,5,4,0,0,0,0,0,6,0,21,2,7,6,4,4,5,4,4,1,5,0,3,1,3,8,13,0,5,9,5,2,6,3,4,0,2,0,6,6,3,4,7,2,1,5,13,1,2,3,2,7,6,6,3,3,1,5,3,1,11,6,,,,,,,,,,,,,,,,,,,,,,,,,,,,,,,,,,,,,,,,,,,,,,,,,,,,,,,,,,,,,,,,,,,,,,,,,,,,,,,,,,,,,,,,,,,,,,,,,,,,,,,,,,,,,,,,,,,,,,,,,,,,,,,,,,,,,,,,,,,,,,,,,,,,,,,,,,,,,,,,,,,,,,,,,,,,,,,,,,,,,,,,,,,
门票人数合计,,11045,12150,3117,428,457,555,595,716,869,5054,4911,529,670,638,835,967,2610,853,0,0,396,364,522,1402,895,569,670,1133,1069,605,1947,2562,1528,2447,1992,2844,2470,3219,3695,2201,2663,3059,2944,3406,8256,3031,828,38420,28552,41060,44970,40848,27050,9244,9669,6380,5582,6698,1551,580,3604,13124,3048,1482,3438,4318,6928,2211,1504,1589,1958,1280,1359,2833,1104,397,1125,1797,1267,4505,3086,1236,1298,1169,1687,1215,3854,3067,1217,3005,1489,1725,2060,13597,16832,4716,1021,238,2018,1140,3773,2544,2019,2109,1752,1513,1934,3892,2744,907,393,1716,3063,2340,3623,2350,1997,1998,4723,3069,16373,26995,33411,19307,4344,1208,1044,1212,1883,1307,902,962,2529,2672,2428,1638,532,614,606,1010,1317,2126,1914,852,197,1092,1406,1416,1039,2345,1568,1072,692,805,680,1079,1989,1996,1163,559,887,667,660,3210,1376,888,870,1008,906,4099,6632,782,1099,980,1064,1199,1406,3092,1980,0,0,0,0,0,0,0,0,0,0,0,0,0,0,0,0,0,0,0,0,0,0,0,0,0,0,0,0,0,0,0,0,0,0,0,0,0,0,0,0,0,0,0,0,0,0,0,0,0,0,0,0,0,0,0,0,0,0,0,0,0,0,0,0,,,,,,,,,,,,,,,,,,,,,,,,,,,,,,,,,,,,,,,,,,,,,,,,,,,,,,,,,,,,,,,,,,,,,,,,,,,,,,,,,,,,,,,,,,,,,,,,,,,,,,,,,,,,,,,,,,,,,,,,,,,
门票收入金额,,843255.1,968439.6,261869.5,37354.5,40420,46552,51700,57700,58695,241002.4,216052.8,48620,58430,55215,75230,70645,140310.6,47435,,,32385,31885,42040,123138,83024,46582,53713,75632,69906,38932,157836,203414,128528,171036,167118,152571,128640,258065,303370,182718,231284,267722,259366,291851,537447.2,220426.9,72212.9,2987796.7,2322358.8,3317005.8,3624857.9,3332282.3,2270349.4,804959.56,804170.8,544915.2,451257.5,555283.7,134645,44975.3,289049,1016605.1,247437.7,108122,246745,307264,452057,145446,115000,118859.3,147108,97046,99729,217141,82654.2,29741,79471,118207,94932.4,329487.1,225830.2,90793.2,92616.3,87089.8,125148.2,88641,272338.7,217398.9,85288.9,223694,113393.6,130134.5,149984.7,1008735.8,1271662,375702,93047,18422,120031.1,90615.3,293823.4,203174.1,135434.4,138752.4,132870.7,121694.6,147355.6,338917.2,227214.8,77636,26474,119043.1,190898.4,159678.3,298577,218860,145355.7,150423.2,271978.9,244845.1,1385233.5,2229991.5,2743694.2,1653457,375061.3,117342.6,105216.9,105461.4,140660.4,128290.2,88820,86795,157220.4,146915.5,176826.7,139255.8,46580.3,60895.2,64130,93685.3,102850.2,138998.7,192491.4,82711.4,12990.5,91871.3,114205.3,113631.1,89340.4,220556.8,158638.7,94182.6,67925,67205.03,63040,84920,188715,197070,1008315,55340,70435,60930,63355,196935.3,122151.5,79600.5,77535.4,80608.7,81168.8,375131,614892.2,80928.7,97950.7,86123.1,87692.9,99575.6,124203.8,248257.9,173648.8,,,,,,,,,,,,,,,,,,,,,,,,,,,,,,,,,,,,,,,,,,,,,,,,,,,,,,,,,,,,,,,,,,,,,,,,,,,,,,,,,,,,,,,,,,,,,,,,,,,,,,,,,,,,,,,,,,,,,,,,,,,,,,,,,,,,,,,,,,,,,,,,,,,,,,,,,,,,,,,,,,,,,,,,,,,,,,,,,,,,,,,,,,,
闸机入园人次,,11605,12832,3488,479,543,621,686,823,1025,5328,5217,586,796,739,967,1046,2775,862,,,444,392,545,1660,993,620,717,1125,855,543,2127,2717,1657,2334,2018,1939,1468,3450,3902,2122,2595,3154,3117,3467,8566,3088,883,39129,28924,41477,45373,41268,27557,9485,9922,6439,5722,6908,1601,659,3783,14216,2781,1553,2159,4401,7061,2036,1548,1597,1908,1529,1315,2945,1157,423,1212,1937,1420,4756,3340,1429,1351,1253,1240,1299,4042,2941,812,2151,1643,1849,2234,14376,17680,5368,1151,256,2128,1295,4263,3026,2145,2202,1880,1647,2081,4465,3298,1047,441,1828,3257,2569,4243,3022,2155,2145,4910,3315,16903,27722,34146,20150,4870,1288,1171,1300,2017,1600,958,1038,2617,2749,1519,1815,630,721,652,1075,1419,2126,2253,1123,208,1146,1371,1477,1143,2691,1889,1217,733,832,720,934,2227,2466,1291,657,957,756,756,3845,1679,981,967,1084,997,4531,7236,894,1227,1090,1131,1305,1609,3091,2256,,,,,,,,,,,,,,,,,,,,,,,,,,,,,,,,,,,,,,,,,,,,,,,,,,,,,,,,,,,,,,,,,,,,,,,,,,,,,,,,,,,,,,,,,,,,,,,,,,,,,,,,,,,,,,,,,,,,,,,,,,,,,,,,,,,,,,,,,,,,,,,,,,,,,,,,,,,,,,,,,,,,,,,,,,,,,,,,,,,,,,,,,,,
,,,,,,,,,,,,,,,,,,,,,,,,,,,,,,,,,,,,,,,,,,,,,,,,,,,,,,,,,,,,,,,,,,,,,,,,,,,,,,,,,,,,,,,,,,,,,,,,,,,,,,,,,,,,,,,,,,,,,,,,,,,,,,,,,,,,,,,,,,,,,,,,,,,,,,,,,,,,,,,,,,,,,,,,,,,,,,,,,,,,,,,,,,,,,,,,,,,,,,,,,,,,,,,,,,,,,,,,,,,,,,,,,,,,,,,,,,,,,,,,,,,,,,,,,,,,,,,,,,,,,,,,,,,,,,,,,,,,,,,,,,,,,,,,,,,,,,,,,,,,,,,,,,,,,,,,,,,,,,,,,,,,,,,,,,,,,,,,,,,,,,,,,,,,,,,,,,,,,,,,,,,,,,,
预定,日期,1月1日,1月2日,1月3日,1月4日,1月5日,1月6日,1月7日,1月8日,1月9日,1月10日,1月11日,1月12日,1月13日,1月14日,1月15日,1月16日,1月17日,1月18日,1月19日,1月20日,1月21日,1月22日,1月23日,1月24日,1月25日,1月26日,1月27日,1月28日,1月29日,1月30日,1月31日,2月1日,2月2日,2月3日,2月4日,2月5日,2月6日,2月7日,2月8日,2月9日,2月10日,2月11日,2月12日,2月13日,2月14日,2月15日,2月16日,2月17日,2月18日,2月19日,2月20日,2月21日,2月22日,2月23日,2月24日,2月25日,2月26日,2月27日,2月28日,3月1日,3月2日,3月3日,3月4日,3月5日,3月6日,3月7日,3月8日,3月9日,3月10日,3月11日,3月12日,3月13日,3月14日,3月15日,3月16日,3月17日,3月18日,3月19日,3月20日,3月21日,3月22日,3月23日,3月24日,3月25日,3月26日,3月27日,3月28日,3月29日,3月30日,3月31日,4月1日,4月2日,4月3日,4月4日,4月5日,4月6日,4月7日,4月8日,4月9日,4月10日,4月11日,4月12日,4月13日,4月14日,4月15日,4月16日,4月17日,4月18日,4月19日,4月20日,4月21日,4月22日,4月23日,4月24日,4月25日,4月26日,4月27日,4月28日,4月29日,4月30日,5月1日,5月2日,5月3日,5月4日,5月5日,5月6日,5月7日,5月8日,5月9日,5月10日,5月11日,5月12日,5月13日,5月14日,5月15日,5月16日,5月17日,5月18日,5月19日,5月20日,5月21日,5月22日,5月23日,5月24日,5月25日,5月26日,5月27日,5月28日,5月29日,5月30日,5月31日,6月1日,6月2日,6月3日,6月4日,6月5日,6月6日,6月7日,6月8日,6月9日,6月10日,6月11日,6月12日,6月13日,6月14日,6月15日,6月16日,6月17日,6月18日,6月19日,6月20日,6月21日,6月22日,6月23日,6月24日,6月25日,6月26日,6月27日,6月28日,6月29日,6月30日,7月1日,7月2日,7月3日,7月4日,7月5日,7月6日,7月7日,7月8日,7月9日,7月10日,7月11日,7月12日,7月13日,7月14日,7月15日,7月16日,7月17日,7月18日,7月19日,7月20日,7月21日,7月22日,7月23日,7月24日,7月25日,7月26日,7月27日,7月28日,7月29日,7月30日,7月31日,8月1日,8月2日,8月3日,8月4日,8月5日,8月6日,8月7日,8月8日,8月9日,8月10日,8月11日,8月12日,8月13日,8月14日,8月15日,8月16日,8月17日,8月18日,8月19日,8月20日,8月21日,8月22日,8月23日,8月24日,8月25日,8月26日,8月27日,8月28日,8月29日,8月30日,8月31日,,,,,,,,,,,,,,,,,,,,,,,,,,,,,,,,,,,,,,,,,,,,,,,,,,,,,,,,,,,,,,,,,,,,,,,,,,,,,,,,,,,,,,,,,,,,,,,,,,,,,,,,,,,,,,,,,,,,,,,,,,,
"20:00夕更
预定数据",散客,366,512,179,17,15,,19,35,32,113,120,14,48,35,38,43,158,39,,,24,30,44,166,85,66,89,73,75,41,137,109,119,92,116,127,126,219,293,238,276,344,391,503,245,185,151,918,1027,1468,1731,1593,972,401,684,322,318,277,98,102,118,533,89,81,88,266,281,79,49,53,71,78,166,182,48,31,66,47,94,366,231,77,52,78,59,71,303,211,39,59,84,104,154,853,744,109,49,22,65,75,252,170,68,82,95,144,123,177,172,70,23,88,86,83,382,181,70,88,166,276,1099,1118,1480,667,155,104,88,115,69,141,35,44,47,39,41,103,33,18,44,66,59,61,311,43,29,55,106,65,112,366,283,247,64,55,61,100,233,211,103,41,33,41,69,1988,113,71,66,78,59,199,211,57,29,22,59,71,78,144,106,46,,,,,,,,,,,,,,,,,,,,,,,,,,,,,,,,,,,,,,,,,,,,,,,,,,,,,,,,,,,,,,,,,,,,,,,,,,,,,,,,,,,,,,,,,,,,,,,,,,,,,,,,,,,,,,,,,,,,,,,,,,,,,,,,,,,,,,,,,,,,,,,,,,,,,,,,,,,,,,,,,,,,,,,,,,,,,,,,,,,,,,,,,,
,团队,78,122,111,24,37,,109,166,420,125,163,0,0,0,20,486,0,0,,,48,0,0,46,55,0,0,0,0,0,50,84,19,223,0,0,0,264,107,76,,,,,,0,15,800,1200,1200,1200,1200,600,300,135,0,287,100,0,93,20,0,0,0,222,675,1666,52,0,349,0,276,111,0,0,0,111,432,0,455,232,0,234,113,0,0,616,122,0,1198,0,,,800,1200,400,,,,,,,,1285,,,822,0,934,173,0,0,2047,1067,1105,431,948,999,2225,1288,1200,1800,2500,1200,300,144,0,600,1200,300,200,400,2000,2300,850,442,0,80,0,150,500,0,0,0,116,,,,,,,,,,,,,,111,22,333,0,0,0,0,45,0,0,0,400,400,100,,,,,,,,,,,,,,,,,,,,,,,,,,,,,,,,,,,,,,,,,,,,,,,,,,,,,,,,,,,,,,,,,,,,,,,,,,,,,,,,,,,,,,,,,,,,,,,,,,,,,,,,,,,,,,,,,,,,,,,,,,,,,,,,,,,,,,,,,,,,,,,,,,,,,,,,,,,,,,,,,,,,,,,,,,,,,,,,,,,,,,,,,,,,,,,,,,
,合计,444,634,290,41,52,0,128,201,452,238,283,14,48,35,58,529,158,39,0,0,72,30,44,212,140,66,89,73,75,41,187,,,,,,,,,,,,,,,,,,,,,,,,,,,,,,,,,,,,,,,,,,,,,,,,,,,,,,,,,,,,,,,,,,,,,,,,,,,,,,,,,,,,,,,,,,,,,,,,,,,,,,,,,,,,,,,,,,,,,,,,,,,,,,,,,,,,,,,,,,,,,,,,,,,,,,,,,,,,,,,,,,,,,,,,,,,,,,,,,,,,,,,,,,,,,,,,,,,,,,,,,,,,,,,,,,,,,,,,,,,,,,,,,,,,,,,,,,,,,,,,,,,,,,,,,,,,,,,,,,,,,,,,,,,,,,,,,,,,,,,,,,,,,,,,,,,,,,,,,,,,,,,,,,,,,,,,,,,,,,,,,,,,,,,,,,,,,,,
,,,,,,,,,,,,,,,,,,,,,,,,,,,,,,,,,,,,,,,,,,,,,,,,,,,,,,,,,,,,,,,,,,,,,,,,,,,,,,,,,,,,,,,,,,,,,,,,,,,,,,,,,,,,,,,,,,,,,,,,,,,,,,,,,,,,,,,,,,,,,,,,,,,,,,,,,,,,,,,,,,,,,,,,,,,,,,,,,,,,,,,,,,,,,,,,,,,,,,,,,,,,,,,,,,,,,,,,,,,,,,,,,,,,,,,,,,,,,,,,,,,,,,,,,,,,,,,,,,,,,,,,,,,,,,,,,,,,,,,,,,,,,,,,,,,,,,,,,,,,,,,,,,,,,,,,,,,,,,,,,,,,,,,,,,,,,,,,,,,,,,,,,,,,,,,,,,,,,,,,,,,,,,,
"9:00晨更
预定数据",散客,674,917,319,55,75,60,52,94,82,246,414,123,110,83,106,106,179,84,,,45,54,79,300,228,98,155,129,112,95,283,373,250,220,259,289,296,354,456,410,489,603,626,815,528,223,169,1585,1907,2748,3398,3532,1849,768,971,753,437,455,285,130,203,863,208,129,177,481,543,153,111,120,139,132,296,316,116,89,133,99,172,673,441,131,90,140,110,126,494,350,71,103,173,195,293,1444,2402,554,125,51,109,115,486,354,159,123,120,174,217,615,347,124,60,151,188,184,614,426,180,204,325,565,1927,3108,4195,2025,524,209,142,203,141,268,90,92,93,85,81,170,70,38,107,121,157,149,525,101,33,140,185,154,178,678,507,405,114,109,117,179,394,333,182,88,74,91,104,2341,217,127,133,193,168,349,504,154,72,53,118,131,126,278,197,89,,,,,,,,,,,,,,,,,,,,,,,,,,,,,,,,,,,,,,,,,,,,,,,,,,,,,,,,,,,,,,,,,,,,,,,,,,,,,,,,,,,,,,,,,,,,,,,,,,,,,,,,,,,,,,,,,,,,,,,,,,,,,,,,,,,,,,,,,,,,,,,,,,,,,,,,,,,,,,,,,,,,,,,,,,,,,,,,,,,,,,,,,,
,团队,485,741,346,93,37,209,109,166,43,313,296,0,36,50,20,493,365,65,,,48,0,36,72,55,0,46,360,372,172,350,396,106,665,147,177,249,550,375,313,554,270,235,314,288,176,15,486,907,913,1722,1938,1052,662,600,485,575,488,199,132,150,385,259,87,1259,1026,2055,561,139,379,287,194,407,300,68,131,504,882,108,793,432,255,272,227,143,219,632,592,277,1198,139,270,248,1282,1304,781,226,264,1349,284,857,476,1114,1375,1027,649,1005,1228,1136,201,169,989,2153,1457,1442,509,1078,1195,3727,1556,1215,1809,2519,1319,364,221,172,614,1217,347,208,391,1950,2353,894,582,288,145,20,186,571,1195,72,,134,366,554,629,256,272,70,0,233,333,256,298,320,269,261,125,437,182,138,351,138,122,73,237,131,403,459,120,138,64,108,212,110,408,375,291,,,,,,,,,,,,,,,,,,,,,,,,,,,,,,,,,,,,,,,,,,,,,,,,,,,,,,,,,,,,,,,,,,,,,,,,,,,,,,,,,,,,,,,,,,,,,,,,,,,,,,,,,,,,,,,,,,,,,,,,,,,,,,,,,,,,,,,,,,,,,,,,,,,,,,,,,,,,,,,,,,,,,,,,,,,,,,,,,,,,,,,,,,
,合计,1159,1658,665,148,112,269,161,260,125,559,710,123,146,133,126,599,544,149,0,0,93,54,115,372,283,98,201,489,484,267,633,,,,,,,,,,,,,,,,,,,,,,,,,,,,,,,,,,,,,,,,,,,,,,,,,,,,,,,,,,,,,,,,,,,,,,,,,,,,,,,,,,,,,,,,,,,,,,,,,,,,,,,,,,,,,,,,,,,,,,,,,,,,,,,,,,,,,,,,,,,,,,,,,,,,,,,,,,,,,,,,,,,,,,,,,,,,,,,,,,,,,,,,,,,,,,,,,,,,,,,,,,,,,,,,,,,,,,,,,,,,,,,,,,,,,,,,,,,,,,,,,,,,,,,,,,,,,,,,,,,,,,,,,,,,,,,,,,,,,,,,,,,,,,,,,,,,,,,,,,,,,,,,,,,,,,,,,,,,,,,,,,,,,,,,,,,,,,,
,,,,,,,,,,,,,,,,,,,,,,,,,,,,,,,,,,,,,,,,,,,,,,,,,,,,,,,,,,,,,,,,,,,,,,,,,,,,,,,,,,,,,,,,,,,,,,,,,,,,,,,,,,,,,,,,,,,,,,,,,,,,,,,,,,,,,,,,,,,,,,,,,,,,,,,,,,,,,,,,,,,,,,,,,,,,,,,,,,,,,,,,,,,,,,,,,,,,,,,,,,,,,,,,,,,,,,,,,,,,,,,,,,,,,,,,,,,,,,,,,,,,,,,,,,,,,,,,,,,,,,,,,,,,,,,,,,,,,,,,,,,,,,,,,,,,,,,,,,,,,,,,,,,,,,,,,,,,,,,,,,,,,,,,,,,,,,,,,,,,,,,,,,,,,,,,,,,,,,,,,,,,,,,
《穿越德化街》,日期,1月1日,1月2日,1月3日,1月4日,1月5日,1月6日,1月7日,1月8日,1月9日,1月10日,1月11日,1月12日,1月13日,1月14日,1月15日,1月16日,1月17日,1月18日,1月19日,1月20日,1月21日,1月22日,1月23日,1月24日,1月25日,1月26日,1月27日,1月28日,1月29日,1月30日,1月31日,2月1日,2月2日,2月3日,2月4日,2月5日,2月6日,2月7日,2月8日,2月9日,2月10日,2月11日,2月12日,2月13日,2月14日,2月15日,2月16日,2月17日,2月18日,2月19日,2月20日,2月21日,2月22日,2月23日,2月24日,2月25日,2月26日,2月27日,2月28日,3月1日,3月2日,3月3日,3月4日,3月5日,3月6日,3月7日,3月8日,3月9日,3月10日,3月11日,3月12日,3月13日,3月14日,3月15日,3月16日,3月17日,3月18日,3月19日,3月20日,3月21日,3月22日,3月23日,3月24日,3月25日,3月26日,3月27日,3月28日,3月29日,3月30日,3月31日,4月1日,4月2日,4月3日,4月4日,4月5日,4月6日,4月7日,4月8日,4月9日,4月10日,4月11日,4月12日,4月13日,4月14日,4月15日,4月16日,4月17日,4月18日,4月19日,4月20日,4月21日,4月22日,4月23日,4月24日,4月25日,4月26日,4月27日,4月28日,4月29日,4月30日,5月1日,5月2日,5月3日,5月4日,5月5日,5月6日,5月7日,5月8日,5月9日,5月10日,5月11日,5月12日,5月13日,5月14日,5月15日,5月16日,5月17日,5月18日,5月19日,5月20日,5月21日,5月22日,5月23日,5月24日,5月25日,5月26日,5月27日,5月28日,5月29日,5月30日,5月31日,6月1日,6月2日,6月3日,6月4日,6月5日,6月6日,6月7日,6月8日,6月9日,6月10日,6月11日,6月12日,6月13日,6月14日,6月15日,6月16日,6月17日,6月18日,6月19日,6月20日,6月21日,6月22日,6月23日,6月24日,6月25日,6月26日,6月27日,6月28日,6月29日,6月30日,7月1日,7月2日,7月3日,7月4日,7月5日,7月6日,7月7日,7月8日,7月9日,7月10日,7月11日,7月12日,7月13日,7月14日,7月15日,7月16日,7月17日,7月18日,7月19日,7月20日,7月21日,7月22日,7月23日,7月24日,7月25日,7月26日,7月27日,7月28日,7月29日,7月30日,7月31日,8月1日,8月2日,8月3日,8月4日,8月5日,8月6日,8月7日,8月8日,8月9日,8月10日,8月11日,8月12日,8月13日,8月14日,8月15日,8月16日,8月17日,8月18日,8月19日,8月20日,8月21日,8月22日,8月23日,8月24日,8月25日,8月26日,8月27日,8月28日,8月29日,8月30日,8月31日,,,,,,,,,,,,,,,,,,,,,,,,,,,,,,,,,,,,,,,,,,,,,,,,,,,,,,,,,,,,,,,,,,,,,,,,,,,,,,,,,,,,,,,,,,,,,,,,,,,,,,,,,,,,,,,,,,,,,,,,,,,
,场次,3,2,1,1,1,1,1,1,1,2,1,1,1,1,1,1,1,1,,,1,1,1,1,1,1,1,1,1,1,1,1,1,2,1,1,1,2,2,2,2,2,2,2,3,2,1,5,5,6,6,6,5,2,2,2,1,2,1,1,1,2,1,1,1,2,2,1,1,1,1,1,1,1,1,1,1,2,1,2,1,1,1,1,1,1,2,1,1,2,1,1,1,4,4,2,1,1,1,1,2,1,1,1,1,1,2,2,2,1,1,2,2,2,2,2,2,2,4,2,5,5,6,5,3,2,2,2,3,3,1,1,3,2,2,1,1,1,1,1,1,2,2,2,1,1,1,2,1,2,2,1,1,1,1,1,2,2,1,1,1,1,1,2,2,2,2,1,1,2,3,1,1,1,1,1,1,2,2,,,,,,,,,,,,,,,,,,,,,,,,,,,,,,,,,,,,,,,,,,,,,,,,,,,,,,,,,,,,,,,,,,,,,,,,,,,,,,,,,,,,,,,,,,,,,,,,,,,,,,,,,,,,,,,,,,,,,,,,,,,,,,,,,,,,,,,,,,,,,,,,,,,,,,,,,,,,,,,,,,,,,,,,,,,,,,,,,,,,,,,,,,,
,库存,3420,2280,1140,1140,1140,1140,1140,1140,1140,2280,1140,1140,1140,1140,1140,1140,1140,1140,0,0,1140,1140,1140,1140,1140,1140,1140,1140,1140,1140,1140,1140,1140,2280,1140,1140,1140,2280,2280,2280,2280,2280,2280,2280,3420,2280,1140,5700,5700,6840,6840,6840,5700,2280,2280,2280,1140,2280,1140,1140,1140,2280,1140,1140,1140,2280,2280,1140,1140,1140,1140,1140,1140,1140,1140,1140,1140,2280,1140,2280,1140,1140,1140,1140,1140,1140,2280,1140,1140,2280,1140,1140,1140,4560,4560,2280,1140,1140,1140,1140,2280,1140,1140,1140,1140,1140,2280,2280,2280,1140,1140,2280,2280,2280,2280,2280,2280,2280,4560,2280,5700,5700,6840,5700,3420,2280,2280,2280,3420,3420,1140,1140,3420,2280,2280,1140,1140,1140,1140,1140,1140,2280,2280,2280,1140,1140,1140,2280,1140,2280,2280,1140,1140,1140,1140,1140,2280,2280,1140,1140,1140,1140,1140,2280,2280,2280,2280,1140,1140,2280,3420,1140,1140,1140,1140,1140,1140,2280,2280,0,0,0,0,0,0,0,0,0,0,0,0,0,0,0,0,0,0,0,0,0,0,0,0,0,0,0,0,0,0,0,0,0,0,0,0,0,0,0,0,0,0,0,0,0,0,0,0,0,0,0,0,0,0,0,0,0,0,0,0,0,0,0,0,,,,,,,,,,,,,,,,,,,,,,,,,,,,,,,,,,,,,,,,,,,,,,,,,,,,,,,,,,,,,,,,,,,,,,,,,,,,,,,,,,,,,,,,,,,,,,,,,,,,,,,,,,,,,,,,,,,,,,,,,,,
,售卖,1892,2201,589,396,345,510,548,632,852,1516,1064,395,583,576,830,745,966,332,,,370,322,400,562,448,600,700,889,648,360,829,867,647,1323,803,844,798,1417,1659,1382,1283,1648,1575,1664,1579,888,243,4946,4947,6048,6185,6344,5181,2076,2220,1825,1116,1723,503,591,746,2047,558,356,823,1407,1644,556,478,531,897,610,544,915,371,174,469,1026,451,1472,938,549,379,368,365,347,1236,710,242,1296,531,627,656,3061,3510,1037,489,126,467,393,1557,1018,575,666,936,877,1258,2046,1484,433,411,1145,2169,1272,2153,1351,1379,1349,2733,1872,3470,5301,6343,4679,1060,823,797,961,1567,1112,684,578,2029,1842,1078,905,336,383,437,701,807,941,1600,638,176,853,595,1136,509,1618,1153,740,471,381,426,437,1425,1506,724,344,360,365,385,761,541,323,256,238,264,1086,1741,302,373,253,296,335,400,809,708,,,,,,,,,,,,,,,,,,,,,,,,,,,,,,,,,,,,,,,,,,,,,,,,,,,,,,,,,,,,,,,,,,,,,,,,,,,,,,,,,,,,,,,,,,,,,,,,,,,,,,,,,,,,,,,,,,,,,,,,,,,,,,,,,,,,,,,,,,,,,,,,,,,,,,,,,,,,,,,,,,,,,,,,,,,,,,,,,,,,,,,,,,,
,上座率,55.32%,96.54%,51.67%,34.74%,30.26%,44.74%,48.07%,55.44%,74.74%,66.49%,93.33%,34.65%,51.14%,50.53%,72.81%,65.35%,84.74%,29.12%,#DIV/0!,#DIV/0!,32.46%,28.25%,35.09%,49.30%,39.30%,52.63%,61.40%,77.98%,56.84%,31.58%,72.72%,76.05%,56.75%,58.03%,70.44%,74.04%,70.00%,62.15%,72.76%,60.61%,56.27%,72.28%,69.08%,72.98%,46.17%,38.95%,21.32%,86.77%,86.79%,88.42%,90.42%,92.75%,90.89%,91.05%,97.37%,80.04%,97.89%,75.57%,44.12%,51.84%,65.44%,89.78%,48.95%,31.23%,72.19%,61.71%,72.11%,48.77%,41.93%,46.58%,78.68%,53.51%,47.72%,80.26%,32.54%,15.26%,41.14%,45.00%,39.56%,64.56%,82.28%,48.16%,33.25%,32.28%,32.02%,30.44%,54.21%,62.28%,21.23%,56.84%,46.58%,55.00%,57.54%,67.13%,76.97%,45.48%,42.89%,11.05%,40.96%,34.47%,68.29%,89.30%,50.44%,58.42%,82.11%,76.93%,55.18%,89.74%,65.09%,37.98%,36.05%,50.22%,95.13%,55.79%,94.43%,59.25%,60.48%,59.17%,59.93%,82.11%,60.88%,93.00%,92.73%,82.09%,30.99%,36.10%,34.96%,42.15%,45.82%,32.51%,60.00%,50.70%,59.33%,80.79%,47.28%,79.39%,29.47%,33.60%,38.33%,61.49%,70.79%,41.27%,70.18%,27.98%,15.44%,74.82%,52.19%,49.82%,44.65%,70.96%,50.57%,64.91%,41.32%,33.42%,37.37%,38.33%,62.50%,66.05%,63.51%,30.18%,31.58%,32.02%,33.77%,33.38%,23.73%,14.17%,11.23%,20.88%,23.16%,47.63%,50.91%,26.49%,32.72%,22.19%,25.96%,29.39%,35.09%,35.48%,31.05%,#DIV/0!,#DIV/0!,#DIV/0!,#DIV/0!,#DIV/0!,#DIV/0!,#DIV/0!,#DIV/0!,#DIV/0!,#DIV/0!,#DIV/0!,#DIV/0!,#DIV/0!,#DIV/0!,#DIV/0!,#DIV/0!,#DIV/0!,#DIV/0!,#DIV/0!,#DIV/0!,#DIV/0!,#DIV/0!,#DIV/0!,#DIV/0!,#DIV/0!,#DIV/0!,#DIV/0!,#DIV/0!,#DIV/0!,#DIV/0!,#DIV/0!,#DIV/0!,#DIV/0!,#DIV/0!,#DIV/0!,#DIV/0!,#DIV/0!,#DIV/0!,#DIV/0!,#DIV/0!,#DIV/0!,#DIV/0!,#DIV/0!,#DIV/0!,#DIV/0!,#DIV/0!,#DIV/0!,#DIV/0!,#DIV/0!,#DIV/0!,#DIV/0!,#DIV/0!,#DIV/0!,#DIV/0!,#DIV/0!,#DIV/0!,#DIV/0!,#DIV/0!,#DIV/0!,#DIV/0!,#DIV/0!,#DIV/0!,#DIV/0!,#DIV/0!,,,,,,,,,,,,,,,,,,,,,,,,,,,,,,,,,,,,,,,,,,,,,,,,,,,,,,,,,,,,,,,,,,,,,,,,,,,,,,,,,,,,,,,,,,,,,,,,,,,,,,,,,,,,,,,,,,,,,,,,,,,
,,,,,进园即免费观演,,,,,,,,进园即免费观演,,,,,,,闭园,,进园即免费观演,,,,,进园即免费观演,,,,,,,,,,,,,,,,,,,,,,,,,,,,,,,,,进园即免费观演,,,,,,,,,,,,,,,,,,,,,,,,,,,,,,,,,,,,,,,,,,,,,,,,,,,,入园免费观演,,,,,,,,,,,,,,,,,,,,,,,,,,,,,,,,,,入园免费观看德化街,,,,,,,,,,,,,,,,,,,,,,,,,,,,,,,,,,,,,,,,,,,,,,,,,,,,,,,,,,,,,,,,,,,,,,,,,,,,,,,,,,,,,,,,,,,,,,,,,,,,,,,,,,,,,,,,,,,,,,,,,,,,,,,,,,,,,,,,,,,,,,,,,,,,,,,,,,,,,,,,,,,,,,,,,,,,,,,,,,,,,,,,,,,,,,,,,,,,,,,,,,,,,,,,,,,,,,,,,,,,,
,,,,,,,,,,,,,,,,,,,,,,,,,,,,,,,,,,,,,,,,,,,,,,,,,,,,,,,,,,,,,,,,,,,,,,,,,,,,,,,,,,,,,,,,,,,,,,,,,,,,,,,,,,,,,,,,,,,,,,,,,,,,,,,,,,,,,,,,,,,,,,,,,,,,,,,,,,,,,,,,,,,,,,,,,,,,,,,,,,,,,,,,,,,,,,,,,,,,,,,,,,,,,,,,,,,,,,,,,,,,,,,,,,,,,,,,,,,,,,,,,,,,,,,,,,,,,,,,,,,,,,,,,,,,,,,,,,,,,,,,,,,,,,,,,,,,,,,,,,,,,,,,,,,,,,,,,,,,,,,,,,,,,,,,,,,,,,,,,,,,,,,,,,,,,,,,,,,,,,,,,,,,,,,
,,,,,,,,,,,,,,,,,,,,,,,,,,,,,,,,,,,,,,,,,,,,,,,,,,,,,,,,,,,,,,,,,,,,,,,,,,,,,,,,,,,,,,,,,,,,,,,,,,,,,,,,,,,,,,,,,,,,,,,,,,,,,,,,,,,,,,,,,,,,,,,,,,,,,,,,,,,,,,,,,,,,,,,,,,,,,,,,,,,,,,,,,,,,,,,,,,,,,,,,,,,,,,,,,,,,,,,,,,,,,,,,,,,,,,,,,,,,,,,,,,,,,,,,,,,,,,,,,,,,,,,,,,,,,,,,,,,,,,,,,,,,,,,,,,,,,,,,,,,,,,,,,,,,,,,,,,,,,,,,,,,,,,,,,,,,,,,,,,,,,,,,,,,,,,,,,,,,,,,,,,,,,,,
,,,,,                   ,,,,,,,,,,,,,,,,,,,,,,,,,,,,,,,,,,,,,,,,,,,,,,,,,,,,,,,,,,,,,,,,,,,,,,,,,,,,,,,,,,,,,,,,,,,,,,,,,,,,,,,,,,,,,,,,,,,,,,,,,,,,,,,,,,,,,,,,,,,,,,,,,,,,,,,,,,,,,,,,,,,,,,,,,,,,,,,,,,,,,,,,,,,,,,,,,,,,,,,,,,,,,,,,,,,,,,,,,,,,,,,,,,,,,,,,,,,,,,,,,,,,,,,,,,,,,,,,,,,,,,,,,,,,,,,,,,,,,,,,,,,,,,,,,,,,,,,,,,,,,,,,,,,,,,,,,,,,,,,,,,,,,,,,,,,,,,,,,,,,,,,,,,,,,,,,,,,,,,,,,,
,,,,,,,,,,,,,,,,,,,,,,,,,,,,,,,,,,,,,,,,,,,,,,,,,,,,,,,,,,,,,,,,,,,,,,,,,,,,,,,,,,,,,,,,,,,,,,,,,,,,,,,,,,,,,,,,,,,,,,,,,,,,,,,,,,,,,,,,,,,,,,,,,,,,,,,,,,,,,,,,,,,,,,,,,,,,,,,,,,,,,,,,,,,,,,,,,,,,,,,,,,,,,,,,,,,,,,,,,,,,,,,,,,,,,,,,,,,,,,,,,,,,,,,,,,,,,,,,,,,,,,,,,,,,,,,,,,,,,,,,,,,,,,,,,,,,,,,,,,,,,,,,,,,,,,,,,,,,,,,,,,,,,,,,,,,,,,,,,,,,,,,,,,,,,,,,,,,,,,,,,,,,,,,
