日期,,,,1月1日,1月2日,1月3日,1月4日,,,,
营业时间,,,,10:00-22:00,,10:00-21:00,10:00-20:30,,,,
门,,,,100/70/69/9/138/188/230,,,,,,,
门+剧,,,,158,,,,,,,
加购,,,,60,,,,,,,
《德化街》场次,,,,"13:30
15:30
17:10","15:30
17:10","
15:30
",15:30,,,,
日期,1月5日,1月6日,1月7日,1月8日,1月9日,1月10日,1月11日,,,,
营业时间,10:00-19:00,,,,,10:00-20:30,,,,,
门,100/70,,,,,19.9/100,,,,,
门+剧,/,,,,,120/85,,,,,
加购,/,,,,,40,,,,,
《德化街》场次,15:30,15:30,15:30,15:30,15:30,"15:30
17:10",15:30,,,,
日期,1月12日,1月13日,1月14日,1月15日,1月16日,1月17日,1月18日,,,,
营业时间,10:00-19:00,,,,,10:00-20:30,,,,,
门,100/70,,,,,19.9/100,,,,,
门+剧,/,,,,,120/85,,,,,
加购,/,,,,,40,,,,,
《德化街》场次,15:30,15:30,15:30,15:30,15:00,15:30,15:30,,,,
日期,1月19日,1月20日,1月21日,1月22日,1月23日,1月24日,1月25日,,,,
营业时间,闭园,,10:00-19:00,,,10:00-20:30,,,,,
门,100/70,,,,,98/100/70,,,,,
门+剧,/,,,,,120/85,,,,,
加购,/,,,,,40,,,,,
《德化街》场次,闭园,闭园,15:30,15:30,15:30,15:30,15:30,,,,
日期,1月26日,1月27日,1月28日,1月29日,1月30日,1月31日,2月1日,,,,
营业时间,10:00-19:00,,,,,10:00-20:30,,,,,
门,100/70,,,,,98/100/70,,,,,
门+剧,/,,,,,120/85,,,,,
加购,/,,,,,40,,,,,
《德化街》场次,15:30,15:30,15:30,15:30,15:30,15:30,15:30,,,,
日期,2月2日,2月3日,2月4日,2月5日,2月6日,2月7日,2月8日,,,,
营业时间,10:00-20:30,,,,,,,,,,
门,98/100/70,,,,,,,,,,
门+剧,120/85,,,,,,,,,,
加购,40,,,,,,,,,,
《德化街》场次,15:30,15:30,15:30,15:30,15:30,"15:30
17:10","15:30
17:10",,,,
日期,2月9日,2月10日,2月11日,2月12日,2月13日,2月14日,2月15日,,,,
营业时间,10:00-20:30,,,,,,,,,,
门,100/70/98,,,,,120/85/69.9/199/168/98,,,,,
门+剧,120/85,,,,,158,,,,,
加购,40,,,,,40,,,,,
《德化街》场次,"15:30
17:10","15:30
17:10","15:30
17:10","15:30
17:10","15:30
17:10","13:20
15:00
16:40","15:00
16:40",,,,
日期,2月16日,2月17日,2月18日,2月19日,2月20日,2月21日,2月22日,,,,
营业时间,10:00-16:00,9:00-22:00,,,,,,,,,
门,120/85/69.9/199/168/98,120/85/69.9/199/230,,,,,,,,,
门+剧,138/158,,,,,,,,,,
加购,40,60,,,,,,,,,
《德化街》场次,14:30,"11:40
13:20
15:00
16:40
18:30","11:40
13:20
15:00
16:40
18:30","10:00
11:40
13:20
15:00
16:40
18:30","10:00
11:40
13:20
15:00
16:40
18:30","10:00
11:40
13:20
15:00
16:40
18:30","11:40
13:20
15:00
16:40
18:30",,,,
日期,2月23日,2月24日,2月25日,2月26日,2月27日,2月28日,3月1日,,,,
营业时间,9:00-22:00,10:00-21:00,,,,,,,,,
门,120/85/199/230/69.9,,,,,,,,,,
门+剧,138/158,138,,,,,,,,,
加购,60,40,,,,,,,,,
《德化街》场次,"
11:40
15:30
18:50","15:30
17:10","15:30
17:10",15:30,"15:30
17:10","15:30
17:10",15:30,,,,
日期,3月2日,3月3日,3月4日,3月5日,3月6日,3月7日,3月8日,,,,
营业时间,10:00-21:00,10:00-22:00,,10:00-21:00,,,,,,,
门,120/85/199/230/69.9/138,,,100/70/128/19.9,,,,,,,
门+剧,138,,,120/85,,,,,,,
加购,40,,,,,,,,,,
《德化街》场次,15:30,"15:30
17:10","
15:30
","
15:30
","
15:30
","13:30
15:30
17:10","13:30
15:30
17:10",,,,
日期,3月9日,3月10日,3月11日,3月12日,3月13日,3月14日,3月15日,,,,
营业时间,10:00-21:00,,,,,,,,,,
门,100/70/128/19.9,,,,,,,,,,
门+剧,120/85,,,,,,,,,,
加购,40,,,,,,,,,,
《德化街》场次,15:30,15:30,"
15:30
","
15:30
","
15:30
",17:10,17:10,,,,
日期,3月16日,3月17日,3月18日,3月19日,3月20日,3月21日,3月22日,,,,
营业时间,10:00-21:00,,,,,,,,,,
门,100/70/128/138/69.9,,,,,,,,,,
门+剧,120/85,,,,,,,,,,
加购,40,,,,,,,,,,
《德化街》场次,15:30,15:30,"
15:30
","
13:30
15:30
","
15:30
","15:30
17:10",15:30,,,,
日期,3月23日,3月24日,3月25日,3月26日,3月27日,3月28日,3月29日,,,,
营业时间,10:00-21:00,,,,,,,,,,
门,100/70/128/,,,,,,,,,,
门+剧,120/85,,,,,,,,,,
加购,40,,,,,,,,,,
《德化街》场次,15:30,15:30,"
15:30
","
15:30
","
15:30
","15:30
17:10",15:30,,,,
日期,3月30日,3月31日,4月1日,4月2日,4月3日,4月4日,4月5日,,,,
营业时间,10:00-21:00,,,,,10:00-22:00,,,,,
门,100/70/128/69.9,,,,,120/85/188/218/69.9/138,,,,,
门+剧,120/85,,,,,138/168,,,,,
加购,40,,,,,60,,,,,
《德化街》场次,"
15:30
","
15:30
",15:30,15:30,15:30,"11:30
13:30
15:30
17:10
18:50","11:30
13:30
15:30
17:10
18:50",,,,
日期,4月6日,4月7日,4月8日,4月9日,4月10日,4月11日,4月12日,,,,
营业时间,10:00-22:00,10:00-21:00,,,,,,,,,
门,120/85/69.9/138/218/188,100/70,,100/70/69.9/99,,,,,,,
门+剧,138/168,120/85,,,,,,,,,
加购,60,40,,,,,,,,,
《德化街》场次,"15:30
17:10",15:30,"
15:30
","
15:30
","
15:30
","15:30
17:10","15:30
17:10",,,,
日期,4月13日,4月14日,4月15日,4月16日,4月17日,4月18日,4月19日,,,,
营业时间,10:00-21:00,,,,,,,,,,
门,100/70,,,,,,,,,,
门+剧,120/85,,,,,,,,,,
加购,40,,,,,,,,,,
《德化街》场次,15:30,15:30,"
15:30
","
15:30
","
10:30
（研学）
15:30
","15:30
17:10","15:30
17:10",,,,
日期,4月20日,4月21日,4月22日,4月23日,4月24日,4月25日,4月26日,,,,
营业时间,10:00-21:00,,,,,,,,,,
门,100/70,,,,,,,,,,
门+剧,120/85,,,,,,,,,,
加购,40,,,,,,,,,,
《德化街》场次,15:30,15:30,15:30,15:30,15:30,"15:30
17:10","15:30
17:10",,,,
日期,4月27日,4月28日,4月29日,4月30日,5月1日,5月2日,5月3日,,,,
营业时间,10:00-21:00,,,,9:00-22:00,,,,,,
门,100/70,,,,120/85/199/230/69.9/99,,,,,,
门+剧,120/85,,,,158/138,,,,,,
加购,40,,,,60,,,,,,
《德化街》场次,15:30,15:30,14:30,15:30,"10:00
11:40
13:30
15:30
17:10
18:50","10:00
13:30
15:30
17:10
18:50","10:00
11:40
13:30
15:30
17:10
18:50",,,,
日期,5月4日,5月5日,5月6日,5月7日,5月8日,5月9日,5月10日,,,,
营业时间,9:00-22:00,10;00-21:30,10:00-22:00,,10:00-21:30,10:00-22:00,,,,,
门,120/85/199/230/69.9/99,,100,,,,,,,,
门+剧,158/138,,120/85,,,,,,,,
加购,60,,40,,,,,,,,
《德化街》场次,"11:40
13:30
15:30
17:10
18:50","13:30
15:30
17:10","13:30
17:10","13:30
17:10","13:30
17:10","13:30
15:30
17:10","13:30
15:30
17:10",,,,
日期,5月11日,5月12日,5月13日,5月14日,5月15日,5月16日,5月17日,,,,
营业时间,10:00-21:30,,,,,10:00-22:00,,,,,
门,100/70(最后一场演出停售后，票房售卖）,,,,,,,,,,
门+剧,120/85,,,,,,,,,,
加购,40,,,,,,,,,,
《德化街》场次,17:10,17:10,"11:30
15:30
17:10","15:30
17:10","15:30
17:10","
15:30
","
15:30
",,,,
日期,5月18日,5月19日,5月20日,5月21日,5月22日,5月23日,5月24日,,,,
营业时间,10:00-21:30,,,,,10:00-22:00,,,,,
门,100/70(最后一场演出停售后，票房售卖）,,,,,,,,,,
门+剧,120/85,,,,,,,,,,
加购,40,,,,,,,,,,
《德化街》场次,17:10,17:10,17:10,17:10,17:10,"15:30
17:10","15:30
17:10",,,,
日期,5月25日,5月26日,5月27日,5月28日,5月29日,5月30日,5月31日,,,,
营业时间,10:00-18:30,10:00-21:30,,,,10:00-22:00,,,,,
门,100/70,100/70(最后一场演出停售后，票房售卖）,,,,,,,,,
门+剧,/,120/85,,,,,,,,,
加购,40,,,,,,,,,,
《德化街》场次,17:10,17:10,17:10,17:10,17:10,"15:30
17:10","15:30
17:10",,,,
日期,6月1日,6月2日,6月3日,6月4日,6月5日,6月6日,6月7日,,,,
营业时间,11:00-22:00,,,,,10:30-22:00,,,,,
门,100/70(最后一场演出停售后，票房售卖）,,,,,,,,,,
门+剧,120/85,,,,,,,,,,
加购,40,,,,,,,,,,
《德化街》场次,17:10,17:10,17:10,17:10,17:10,"15:30
17:10","15:30
17:10",,,,
日期,6月8日,6月9日,6月10日,6月11日,6月12日,6月13日,6月14日,,,,
营业时间,11:00-22:00,,,,,10:30-22:00,,,,,
门,100/70,,,,,79.9（夜场）/158（夜场）,,,,,
门+剧,120/85,,,,,120/85/138,,,,,
加购,40,,,,,60,,,,,
《德化街》场次,17:00,17:00,17:00,17:00,17:00,"13:30
17:10","13:30
17:10",,,,
日期,6月15日,6月16日,6月17日,6月18日,6月19日,6月20日,6月21日,,,,
单门票,79.9（夜场）/158（夜场）,,全价100/优待70/单人夜场79.9/双人夜场158,,,,,,,,
营业时间,11:00-22:30,,,,10:00-22:00,10:00-22:30,,,,,
门+剧,120/85/138,,138,,158,,,,,,
加购,60,,,,,,,,,,
《德化街》场次,"13:30
17:10","13:30
17:10",17:10,17:10,"
15:30
17:10
","15:30
17:10
18:50","
15:30
",,,,
日期,6月22日,6月23日,6月24日,6月25日,6月26日,6月27日,6月28日,,,,
单门票,全价100/优待70/单人夜场79.9/双人夜场158,,,,,,,,,,
营业时间,11:00-22:30,,,,,,,,,,
门+剧,138,,,,,,,,,,
加购,40,,,,,,,,,,
《德化街》场次,17:10,17:10,17:10,17:10,17:10,"15:30
17:10","15:30
17:10",,,,
日期,6月29日,6月30日,7月1日,7月2日,7月3日,7月4日,7月5日,,,,
单门票,全价100/优待70/单人夜场79.9/双人夜场158,,,,,,,,,,
营业时间,11:00-22:30,,,,,10:30-22:30,,,,,
门+剧,138,,,,,,,,,,
加购,40,,,,,,,,,,
《德化街》场次,17:10,17:10,17:10,17:10,17:10,"15:30
17:10","15:30
17:10",,,,
日期,7月6日,7月7日,7月8日,7月9日,7月10日,7月11日,7月12日,,,,
营业时间,11:00-22:30,,,,,10:30-22:30,,,,,
单门票,全价100/优待70/单人夜场88,,,,,,,,,,
门+剧,单人120/双人218,,,,,,,,,,
加购,40,,,,,,,,,,
《德化街》场次,17:10,17:10,17:10,17:10,17:10,"15:30
17:10","15:30
17:10",,,,
,,,,,,,,,,,
,,,,,,,,,,,
,,,,,,,,,,,
,,,,,,,,,,,
,,,,,,,,,,,
,,,,,,,,,,,
,,,,,,,,,,,
,,,,,,,,,,,
,,,,,,,,,,,
,,,,,,,,,,,
,,,,,,,,,,,
,,,,,,,,,,,
,,,,,,,,,,,
,,,,,,,,,,,
,,,,,,,,,,,
,,,,,,,,,,,
,,,,,,,,,,,
,,,,,,,,,,,
,,,,,,,,,,,
,,,,,,,,,,,
